date,sentiment_today,rolling_mean_7,volatility_7,momentum_7,z_score,is_anomalous,day_of_week,Next_day_delta
2025-12-29,0.7644,0.3238,0.4406,0.8812,1.0,1,0,0.09089999999999998
2026-01-02,0.8553,0.5009666666666667,0.43840045873860833,0.48605,0.8082412467195907,0,4,-0.0482999999999999
2025-12-23,-0.1168,-0.1168,0.0,0.0,0.0,0,1,0.8812
2026-01-03,0.807,0.577475,0.4021278364836237,0.28623,0.5707762039232698,0,5,0.02079999999999993
2026-01-07,0.8278,0.62754,0.37335164978877483,0.19318000000000002,0.5363843982296526,0,2,-0.21539999999999992
2026-01-09,0.6124,0.6250166666666667,0.34086856908328883,0.1082257142857143,-0.03701328843723287,0,4,0.2972999999999999
2026-01-11,0.9097,0.6656857142857142,0.3309326838263181,0.09814285714285716,0.7373532371989908,0,6,-0.08309999999999995
2026-01-12,0.8266,0.8004571428571429,0.08708061711742181,0.003600000000000004,0.30021442208666727,0,0,-1.7313
2026-01-13,-0.9047,0.5620142857142857,0.6049034195132108,-0.18424642857142856,-2.4247082069640262,1,1,1.8316
2026-01-15,0.9269000000000001,0.5722428571428572,0.6103570076067726,-0.10325357142857143,0.5810650790227899,0,3,-0.7857000000000001
2026-01-19,0.1412,0.4771285714285714,0.6181897159432201,-0.1159,-0.543406923093211,0,0,0.7687
2026-01-23,0.9099,0.4888571428571428,0.625467529948924,-0.019435714285714285,0.6731650117428795,0,4,0.06219999999999992
2026-01-27,0.9721,0.5402428571428571,0.6478805883298974,0.0499892857142857,0.6665690416352519,0,1,0.011800000000000033
2026-01-28,0.9839,0.5508428571428572,0.6544126436456322,0.1503035714285714,0.6617493519756098,0,2,-0.009800000000000031
2026-01-30,0.9741,0.5719142857142857,0.6652376512593535,0.2350464285714286,0.604574490821951,0,4,-0.05109999999999992
2026-01-31,0.923,0.8330142857142857,0.28371184792507564,0.06171785714285714,0.3171729166188305,0,5,-0.017000000000000015
2026-02-01,0.906,0.8300285714285714,0.28281666809985234,0.08295,0.2686242967285288,0,6,-0.42410000000000003
2026-02-03,0.4819,0.8787,0.16476096104876994,-0.052753571428571434,-2.408337493749782,1,1,0.07279999999999998
2026-02-04,0.5547,0.8279571428571428,0.19856697939517146,-0.08301071428571428,-1.376145941734498,1,2,0.18270000000000008
2026-02-05,0.7374,0.7944285714285716,0.19107074018567585,-0.07212142857142856,-0.2984683650314704,0,3,-1.1962000000000002
2026-02-06,-0.4588,0.5883285714285714,0.46181291114255263,-0.17932857142857142,-2.267430264861831,1,4,0.8803
2026-02-10,0.4215,0.5093857142857143,0.43560901679166847,-0.14209285714285716,-0.20175366188011207,0,1,0.5422
2026-03-13,0.9637,0.5152,0.4413250438007278,-0.03432857142857144,1.0162577589920592,1,4,null
